{
    "avg_prec": 0.8756938276700104,
    "roc_auc": 0.9161225928210075
}